{"cameraMode":{"drawMode":0,"name":"Shaded","section":"Shading Mode"},"sceneLighting":true,"audioPlay":false,"sceneViewState":{"m_AlwaysRefresh":false,"showFog":true,"showSkybox":true,"showFlares":true,"showImageEffects":true,"showParticleSystems":true,"showVisualEffectGraphs":true,"m_FxEnabled":true},"in2DMode":false,"pivot":{"x":21.884593963623048,"y":2.994328022003174,"z":-0.9300386905670166},"rotation":{"x":0.005999336950480938,"y":0.01799841597676277,"z":-0.00010831741383299232,"w":0.9998162984848023},"size":8.460626602172852,"orthographic":true}